vendor name,Model Name,MYCT,MMIN,MMAX,CACH,CHMIN,CHMAX,PRP,ERP,MYCT_discretized,MMIN_discretized,MMAX_discretized,CACH_discretized,CHMIN_discretized,CHMAX_discretized,PRP_discretized,ERP_discretized,MYCT_z_score,MMIN_z_score,MMAX_z_score,CACH_z_score,CHMIN_z_score,CHMAX_z_score,PRP_z_score,ERP_z_score,prediction
amdahl,470v/7,29,8000,32000,32,8,32,269,253,"(16.999, 50.0]","(4000.0, 32000.0]","(16000.0, 64000.0]","(8.0, 32.0]","(6.0, 52.0]","(24.0, 176.0]","(111.5, 1150.0]","(99.5, 1238.0]",-0.6603892562849425,1.6225212733897811,2.048792293781657,0.3200147102169486,0.46347126706337805,0.8605828730119495,1.5842730166189063,1.6650265330822935,32
amdahl,470v/7a,29,8000,32000,32,8,32,220,253,"(16.999, 50.0]","(4000.0, 32000.0]","(16000.0, 64000.0]","(8.0, 32.0]","(6.0, 52.0]","(24.0, 176.0]","(111.5, 1150.0]","(99.5, 1238.0]",-0.6603892562849425,1.6225212733897811,2.048792293781657,0.3200147102169486,0.46347126706337805,0.8605828730119495,1.1429166415886587,1.6650265330822935,32
amdahl,470v/7b,29,8000,32000,32,8,32,172,253,"(16.999, 50.0]","(4000.0, 32000.0]","(16000.0, 64000.0]","(8.0, 32.0]","(6.0, 52.0]","(24.0, 176.0]","(111.5, 1150.0]","(99.5, 1238.0]",-0.6603892562849425,1.6225212733897811,2.048792293781657,0.3200147102169486,0.46347126706337805,0.8605828730119495,0.710567539518212,1.6650265330822935,32
amdahl,470v/7c,29,8000,16000,32,8,16,132,132,"(16.999, 50.0]","(4000.0, 32000.0]","(8000.0, 16000.0]","(8.0, 32.0]","(6.0, 52.0]","(8.0, 24.0]","(111.5, 1150.0]","(99.5, 1238.0]",-0.6603892562849425,1.6225212733897811,0.47070025647526764,0.3200147102169486,0.46347126706337805,0.011535963445200399,0.35027662112617314,0.46252108743180936,32
amdahl,470v/b,26,8000,32000,64,8,32,318,290,"(16.999, 50.0]","(4000.0, 32000.0]","(16000.0, 64000.0]","(32.0, 256.0]","(6.0, 52.0]","(24.0, 176.0]","(111.5, 1150.0]","(99.5, 1238.0]",-0.6711750409799557,1.6225212733897811,2.048792293781657,1.3641665702788355,0.46347126706337805,0.8605828730119495,2.025629391649154,2.03273480985145,32
amdahl,580-5840,23,16000,32000,64,16,32,367,381,"(16.999, 50.0]","(4000.0, 32000.0]","(16000.0, 64000.0]","(32.0, 256.0]","(6.0, 52.0]","(24.0, 176.0]","(111.5, 1150.0]","(99.5, 1238.0]",-0.681960825674969,4.0873411599811496,2.048792293781657,1.3641665702788355,1.6048689572691734,0.8605828730119495,2.4669857666794015,2.9370984094728882,32
amdahl,580-5850,23,16000,32000,64,16,32,489,381,"(16.999, 50.0]","(4000.0, 32000.0]","(16000.0, 64000.0]","(32.0, 256.0]","(6.0, 52.0]","(24.0, 176.0]","(111.5, 1150.0]","(99.5, 1238.0]",-0.681960825674969,4.0873411599811496,2.048792293781657,1.3641665702788355,1.6048689572691734,0.8605828730119495,3.56587306777512,2.9370984094728882,32
amdahl,580-5860,23,16000,64000,64,16,32,636,749,"(16.999, 50.0]","(4000.0, 32000.0]","(16000.0, 64000.0]","(32.0, 256.0]","(6.0, 52.0]","(24.0, 176.0]","(111.5, 1150.0]","(99.5, 1238.0]",-0.681960825674969,4.0873411599811496,5.204976368394436,1.3641665702788355,1.6048689572691734,0.8605828730119495,4.889942192865863,6.594305054095847,32
apollo,dn320,400,1000,3000,0,1,2,38,23,"(225.0, 1500.0]","(768.0, 2000.0]","(63.999, 4000.0]","(-0.001, 8.0]","(-0.001, 1.0]","(-0.001, 5.0]","(27.0, 49.5]","(14.999, 28.0]",0.6734527843316975,-0.5341961273776662,-0.8114995238361736,-0.724137149844938,-0.535251711866693,-0.731380082425705,-0.49640703709511813,-0.6207276198070565,32
apollo,dn420,400,512,3500,4,1,6,40,24,"(225.0, 1500.0]","(63.999, 768.0]","(63.999, 4000.0]","(-0.001, 8.0]","(-0.001, 1.0]","(5.0, 8.0]","(27.0, 49.5]","(14.999, 28.0]",0.6734527843316975,-0.6845501404597397,-0.7621841476703489,-0.5936181673372022,-0.535251711866693,-0.5191183550340177,-0.4783924911755162,-0.6107895582727549,32
basf,7/65,60,2000,8000,65,1,8,92,70,"(50.0, 110.0]","(768.0, 2000.0]","(4000.0, 8000.0]","(32.0, 256.0]","(-0.001, 1.0]","(5.0, 8.0]","(49.5, 111.5]","(45.0, 99.5]",-0.5489361477698055,-0.22609364155374514,-0.318345762177927,1.3967963159057692,-0.535251711866693,-0.4129874913381741,-0.010014297265865692,-0.15363872769488496,32
basf,7/68,50,4000,16000,65,1,8,138,117,"(16.999, 50.0]","(2000.0, 4000.0]","(8000.0, 16000.0]","(32.0, 256.0]","(-0.001, 1.0]","(5.0, 8.0]","(111.5, 1150.0]","(99.5, 1238.0]",-0.5848887634198496,0.390111330094097,0.47070025647526764,1.3967963159057692,-0.535251711866693,-0.4129874913381741,0.40432025888497897,0.3134501644172865,32
bti,8000,200,512,16000,0,4,32,35,64,"(110.0, 225.0]","(63.999, 768.0]","(8000.0, 16000.0]","(-0.001, 8.0]","(2.0, 6.0]","(24.0, 176.0]","(27.0, 49.5]","(45.0, 99.5]",-0.045599528669186554,-0.6845501404597397,0.47070025647526764,-0.724137149844938,-0.10722757803951966,0.8605828730119495,-0.523428855974521,-0.2132670969006941,32
burroughs,b1955,167,524,2000,8,4,15,19,23,"(110.0, 225.0]","(63.999, 768.0]","(63.999, 4000.0]","(-0.001, 8.0]","(2.0, 6.0]","(8.0, 24.0]","(5.999, 27.0]","(14.999, 28.0]",-0.16424316031433242,-0.6808529106298526,-0.9101302761678229,-0.4630991848294664,-0.10722757803951966,-0.04152946840272142,-0.6675452233313366,-0.6207276198070565,32
burroughs,b2900,143,512,5000,0,7,32,28,29,"(110.0, 225.0]","(63.999, 768.0]","(4000.0, 8000.0]","(-0.001, 8.0]","(6.0, 52.0]","(24.0, 176.0]","(27.0, 49.5]","(28.0, 45.0]",-0.25052943787443854,-0.6845501404597397,-0.6142380191728749,-0.724137149844938,0.3207965557876536,0.8605828730119495,-0.5864797666931278,-0.5610992506012473,32
burroughs,b2925,143,1000,2000,0,5,16,31,22,"(110.0, 225.0]","(768.0, 2000.0]","(63.999, 4000.0]","(-0.001, 8.0]","(2.0, 6.0]","(8.0, 24.0]","(27.0, 49.5]","(14.999, 28.0]",-0.25052943787443854,-0.5341961273776662,-0.9101302761678229,-0.724137149844938,0.03544713323620476,0.011535963445200399,-0.5594579478137249,-0.630665681341358,32
burroughs,b4955,110,5000,5000,142,8,64,120,124,"(50.0, 110.0]","(4000.0, 32000.0]","(4000.0, 8000.0]","(32.0, 256.0]","(6.0, 52.0]","(24.0, 176.0]","(111.5, 1150.0]","(99.5, 1238.0]",-0.3691730695195844,0.698213815918018,-0.6142380191728749,3.909286729179684,0.46347126706337805,2.5586766921454474,0.2421893456085615,0.38301659515739717,32
burroughs,b5900,143,1500,6300,0,5,32,30,35,"(110.0, 225.0]","(768.0, 2000.0]","(4000.0, 8000.0]","(-0.001, 8.0]","(2.0, 6.0]","(24.0, 176.0]","(27.0, 49.5]","(28.0, 45.0]",-0.25052943787443854,-0.38014488446570566,-0.4860180411417308,-0.724137149844938,0.03544713323620476,0.8605828730119495,-0.5684652207735259,-0.5014708813954382,32
burroughs,b6925,110,3100,6200,0,6,64,76,45,"(50.0, 110.0]","(2000.0, 4000.0]","(4000.0, 8000.0]","(-0.001, 8.0]","(2.0, 6.0]","(24.0, 176.0]","(49.5, 111.5]","(28.0, 45.0]",-0.3691730695195844,0.11281909285256803,-0.4958811163748958,-0.724137149844938,0.1781218445119292,2.5586766921454474,-0.15413066462268124,-0.402090266052423,32
c.r.d,68/10-80,320,128,6000,0,1,12,23,28,"(225.0, 1500.0]","(63.999, 768.0]","(4000.0, 8000.0]","(-0.001, 8.0]","(-0.001, 1.0]","(8.0, 24.0]","(5.999, 27.0]","(14.999, 28.0]",0.38583185913134393,-0.8028614950161254,-0.5156072668412256,-0.724137149844938,-0.535251711866693,-0.20072576394648686,-0.6315161314921327,-0.5710373121355489,32
c.r.d,universe:68,320,256,6000,0,1,6,33,28,"(225.0, 1500.0]","(63.999, 768.0]","(4000.0, 8000.0]","(-0.001, 8.0]","(-0.001, 1.0]","(5.0, 8.0]","(27.0, 49.5]","(14.999, 28.0]",0.38583185913134393,-0.7634243768306634,-0.5156072668412256,-0.724137149844938,-0.535251711866693,-0.5191183550340177,-0.541443401894123,-0.5710373121355489,32
c.r.d,universe:68/137,320,512,5000,4,1,5,77,28,"(225.0, 1500.0]","(63.999, 768.0]","(4000.0, 8000.0]","(-0.001, 8.0]","(-0.001, 1.0]","(-0.001, 5.0]","(49.5, 111.5]","(14.999, 28.0]",0.38583185913134393,-0.6845501404597397,-0.6142380191728749,-0.5936181673372022,-0.535251711866693,-0.5721837868819396,-0.14512339166288027,-0.5710373121355489,32
cdc,cyber:170/750,25,1310,2620,131,12,24,274,102,"(16.999, 50.0]","(768.0, 2000.0]","(63.999, 4000.0]","(32.0, 256.0]","(6.0, 52.0]","(8.0, 24.0]","(111.5, 1150.0]","(99.5, 1238.0]",-0.6747703025449602,-0.43868435677225065,-0.8489792097222003,3.5503595272834105,1.0341701121662756,0.4360594182285749,1.6293093814179112,0.16437924140276372,32
cdc,cyber:170/760,25,1310,2620,131,12,24,368,102,"(16.999, 50.0]","(768.0, 2000.0]","(63.999, 4000.0]","(32.0, 256.0]","(6.0, 52.0]","(8.0, 24.0]","(111.5, 1150.0]","(99.5, 1238.0]",-0.6747703025449602,-0.43868435677225065,-0.8489792097222003,3.5503595272834105,1.0341701121662756,0.4360594182285749,2.4759930396392025,0.16437924140276372,32
cdc,cyber:170/815,50,2620,10480,30,12,24,32,74,"(16.999, 50.0]","(2000.0, 4000.0]","(8000.0, 16000.0]","(8.0, 32.0]","(6.0, 52.0]","(8.0, 24.0]","(27.0, 49.5]","(45.0, 99.5]",-0.5848887634198496,-0.03507010034291408,-0.07374149639543665,0.2547552189630807,1.0341701121662756,0.4360594182285749,-0.550450674853924,-0.11388648155767889,32
cdc,cyber:170/825,50,2620,10480,30,12,24,63,74,"(16.999, 50.0]","(2000.0, 4000.0]","(8000.0, 16000.0]","(8.0, 32.0]","(6.0, 52.0]","(8.0, 24.0]","(49.5, 111.5]","(45.0, 99.5]",-0.5848887634198496,-0.03507010034291408,-0.07374149639543665,0.2547552189630807,1.0341701121662756,0.4360594182285749,-0.27122521310009384,-0.11388648155767889,32
cdc,cyber:170/835,56,5240,20970,30,12,24,106,138,"(50.0, 110.0]","(4000.0, 32000.0]","(16000.0, 64000.0]","(8.0, 32.0]","(6.0, 52.0]","(8.0, 24.0]","(49.5, 111.5]","(99.5, 1238.0]",-0.5633171940298232,0.7721584125157591,0.9608950955635648,0.2547552189630807,1.0341701121662756,0.4360594182285749,0.1160875241713479,0.5221494566376185,32
cdc,cyber:170/845,64,5240,20970,30,12,24,208,136,"(50.0, 110.0]","(4000.0, 32000.0]","(16000.0, 64000.0]","(8.0, 32.0]","(6.0, 52.0]","(8.0, 24.0]","(111.5, 1150.0]","(99.5, 1238.0]",-0.5345551015097878,0.7721584125157591,0.9608950955635648,0.2547552189630807,1.0341701121662756,0.4360594182285749,1.034829366071047,0.5022733335690154,32
cdc,omega:480-i,50,500,2000,8,1,4,20,23,"(16.999, 50.0]","(63.999, 768.0]","(63.999, 4000.0]","(-0.001, 8.0]","(-0.001, 1.0]","(-0.001, 5.0]","(5.999, 27.0]","(14.999, 28.0]",-0.5848887634198496,-0.6882473702896267,-0.9101302761678229,-0.4630991848294664,-0.535251711866693,-0.6252492187298614,-0.6585379503715356,-0.6207276198070565,32
cdc,omega:480-ii,50,1000,4000,8,1,5,29,29,"(16.999, 50.0]","(768.0, 2000.0]","(63.999, 4000.0]","(-0.001, 8.0]","(-0.001, 1.0]","(-0.001, 5.0]","(27.0, 49.5]","(28.0, 45.0]",-0.5848887634198496,-0.5341961273776662,-0.7128687715045243,-0.4630991848294664,-0.535251711866693,-0.5721837868819396,-0.5774724937333269,-0.5610992506012473,32
cambex,1636-1,50,1000,4000,8,3,5,26,30,"(16.999, 50.0]","(768.0, 2000.0]","(63.999, 4000.0]","(-0.001, 8.0]","(2.0, 6.0]","(-0.001, 5.0]","(5.999, 27.0]","(28.0, 45.0]",-0.5848887634198496,-0.5341961273776662,-0.7128687715045243,-0.4630991848294664,-0.24990228931524408,-0.5721837868819396,-0.6044943126127298,-0.5511611890669458,32
cambex,1641-11,50,2000,16000,8,3,6,52,74,"(16.999, 50.0]","(768.0, 2000.0]","(8000.0, 16000.0]","(-0.001, 8.0]","(2.0, 6.0]","(5.0, 8.0]","(49.5, 111.5]","(45.0, 99.5]",-0.5848887634198496,-0.22609364155374514,0.47070025647526764,-0.4630991848294664,-0.24990228931524408,-0.5191183550340177,-0.37030521565790453,-0.11388648155767889,32
cambex,1651-1,50,2000,16000,8,3,6,60,74,"(16.999, 50.0]","(768.0, 2000.0]","(8000.0, 16000.0]","(-0.001, 8.0]","(2.0, 6.0]","(5.0, 8.0]","(49.5, 111.5]","(45.0, 99.5]",-0.5848887634198496,-0.22609364155374514,0.47070025647526764,-0.4630991848294664,-0.24990228931524408,-0.5191183550340177,-0.29824703197949676,-0.11388648155767889,32
dec,decsys:10:1091,133,1000,12000,9,3,12,72,54,"(110.0, 225.0]","(768.0, 2000.0]","(8000.0, 16000.0]","(8.0, 32.0]","(2.0, 6.0]","(8.0, 24.0]","(49.5, 111.5]","(45.0, 99.5]",-0.28648205352448275,-0.5341961273776662,0.07617724714867033,-0.43046943920253244,-0.24990228931524408,-0.20072576394648686,-0.19015975646188513,-0.3126477122437093,32
dec,decsys:20:2060,133,1000,8000,9,3,12,72,41,"(110.0, 225.0]","(768.0, 2000.0]","(4000.0, 8000.0]","(8.0, 32.0]","(2.0, 6.0]","(8.0, 24.0]","(49.5, 111.5]","(28.0, 45.0]",-0.28648205352448275,-0.5341961273776662,-0.318345762177927,-0.43046943920253244,-0.24990228931524408,-0.20072576394648686,-0.19015975646188513,-0.44184251218962906,32
dec,microvax-1,810,512,512,8,1,1,18,18,"(225.0, 1500.0]","(63.999, 768.0]","(63.999, 4000.0]","(-0.001, 8.0]","(-0.001, 1.0]","(-0.001, 5.0]","(5.999, 27.0]","(14.999, 28.0]",2.14751002598351,-0.6845501404597397,-1.056892835637317,-0.4630991848294664,-0.535251711866693,-0.7844455142736269,-0.6765524962911376,-0.6704179274785641,32
dec,vax:11/730,810,1000,5000,0,1,1,20,28,"(225.0, 1500.0]","(768.0, 2000.0]","(4000.0, 8000.0]","(-0.001, 8.0]","(-0.001, 1.0]","(-0.001, 5.0]","(5.999, 27.0]","(14.999, 28.0]",2.14751002598351,-0.5341961273776662,-0.6142380191728749,-0.724137149844938,-0.535251711866693,-0.7844455142736269,-0.6585379503715356,-0.5710373121355489,32
dec,vax:11/750,320,512,8000,4,1,5,40,36,"(225.0, 1500.0]","(63.999, 768.0]","(4000.0, 8000.0]","(-0.001, 8.0]","(-0.001, 1.0]","(-0.001, 5.0]","(27.0, 49.5]","(28.0, 45.0]",0.38583185913134393,-0.6845501404597397,-0.318345762177927,-0.5936181673372022,-0.535251711866693,-0.5721837868819396,-0.4783924911755162,-0.49153281986113667,32
dec,vax:11/780,200,512,8000,8,1,8,62,38,"(110.0, 225.0]","(63.999, 768.0]","(4000.0, 8000.0]","(-0.001, 8.0]","(-0.001, 1.0]","(5.0, 8.0]","(49.5, 111.5]","(28.0, 45.0]",-0.045599528669186554,-0.6845501404597397,-0.318345762177927,-0.4630991848294664,-0.535251711866693,-0.4129874913381741,-0.2802324860598948,-0.47165669679253364,32
dg,eclipse:c/350,700,384,8000,0,1,1,24,34,"(225.0, 1500.0]","(63.999, 768.0]","(4000.0, 8000.0]","(-0.001, 8.0]","(-0.001, 1.0]","(-0.001, 5.0]","(5.999, 27.0]","(28.0, 45.0]",1.7520312538330236,-0.7239872586452015,-0.318345762177927,-0.724137149844938,-0.535251711866693,-0.7844455142736269,-0.6225088585323317,-0.5114089429297397,32
dg,eclipse:mv/10000,140,1000,16000,16,1,3,138,72,"(110.0, 225.0]","(768.0, 2000.0]","(8000.0, 16000.0]","(8.0, 32.0]","(-0.001, 1.0]","(-0.001, 5.0]","(111.5, 1150.0]","(45.0, 99.5]",-0.2613152225694518,-0.5341961273776662,0.47070025647526764,-0.20206121981399472,-0.535251711866693,-0.6783146505777832,0.40432025888497897,-0.13376260462628192,32
dg,eclipse:mv/6000,110,1000,4000,16,1,2,26,30,"(50.0, 110.0]","(768.0, 2000.0]","(63.999, 4000.0]","(8.0, 32.0]","(-0.001, 1.0]","(-0.001, 5.0]","(5.999, 27.0]","(28.0, 45.0]",-0.3691730695195844,-0.5341961273776662,-0.7128687715045243,-0.20206121981399472,-0.535251711866693,-0.731380082425705,-0.6044943126127298,-0.5511611890669458,32
dg,eclipse:mv/8000,110,1000,12000,16,1,2,60,56,"(50.0, 110.0]","(768.0, 2000.0]","(8000.0, 16000.0]","(8.0, 32.0]","(-0.001, 1.0]","(-0.001, 5.0]","(49.5, 111.5]","(45.0, 99.5]",-0.3691730695195844,-0.5341961273776662,0.07617724714867033,-0.20206121981399472,-0.535251711866693,-0.731380082425705,-0.29824703197949676,-0.29277158917510626,32
dg,eclipse:mv/8000-ii,220,1000,8000,16,1,2,71,42,"(110.0, 225.0]","(768.0, 2000.0]","(4000.0, 8000.0]","(8.0, 32.0]","(-0.001, 1.0]","(-0.001, 5.0]","(49.5, 111.5]","(28.0, 45.0]",0.02630570263090186,-0.5341961273776662,-0.318345762177927,-0.20206121981399472,-0.535251711866693,-0.731380082425705,-0.1991670294216861,-0.43190445065532757,32
formation,f4000/200,800,256,8000,0,1,4,14,34,"(225.0, 1500.0]","(63.999, 768.0]","(4000.0, 8000.0]","(-0.001, 8.0]","(-0.001, 1.0]","(-0.001, 5.0]","(5.999, 27.0]","(28.0, 45.0]",2.111557410333466,-0.7634243768306634,-0.318345762177927,-0.724137149844938,-0.535251711866693,-0.6252492187298614,-0.7125815881303414,-0.5114089429297397,32
formation,f4000/200ap,800,256,8000,0,1,4,20,34,"(225.0, 1500.0]","(63.999, 768.0]","(4000.0, 8000.0]","(-0.001, 8.0]","(-0.001, 1.0]","(-0.001, 5.0]","(5.999, 27.0]","(28.0, 45.0]",2.111557410333466,-0.7634243768306634,-0.318345762177927,-0.724137149844938,-0.535251711866693,-0.6252492187298614,-0.6585379503715356,-0.5114089429297397,32
formation,f4000/300,800,256,8000,0,1,4,16,34,"(225.0, 1500.0]","(63.999, 768.0]","(4000.0, 8000.0]","(-0.001, 8.0]","(-0.001, 1.0]","(-0.001, 5.0]","(5.999, 27.0]","(28.0, 45.0]",2.111557410333466,-0.7634243768306634,-0.318345762177927,-0.724137149844938,-0.535251711866693,-0.6252492187298614,-0.6945670422107395,-0.5114089429297397,32
formation,f4000/300ap,800,256,8000,0,1,4,22,34,"(225.0, 1500.0]","(63.999, 768.0]","(4000.0, 8000.0]","(-0.001, 8.0]","(-0.001, 1.0]","(-0.001, 5.0]","(5.999, 27.0]","(28.0, 45.0]",2.111557410333466,-0.7634243768306634,-0.318345762177927,-0.724137149844938,-0.535251711866693,-0.6252492187298614,-0.6405234044519337,-0.5114089429297397,32
four-phase,2000/260,125,512,1000,0,8,20,36,19,"(110.0, 225.0]","(63.999, 768.0]","(63.999, 4000.0]","(-0.001, 8.0]","(6.0, 52.0]","(8.0, 24.0]","(27.0, 49.5]","(14.999, 28.0]",-0.3152441460445181,-0.6845501404597397,-1.0087610284994724,-0.724137149844938,0.46347126706337805,0.22379769083688766,-0.5144215830147201,-0.6604798659442626,32
gould,concept:32/8705,75,2000,8000,64,1,38,144,75,"(50.0, 110.0]","(768.0, 2000.0]","(4000.0, 8000.0]","(32.0, 256.0]","(-0.001, 1.0]","(24.0, 176.0]","(111.5, 1150.0]","(45.0, 99.5]",-0.49500722429473915,-0.22609364155374514,-0.318345762177927,1.3641665702788355,-0.535251711866693,1.1789754640994803,0.4583638966437848,-0.10394842002337737,32
gould,concept:32/8750,75,2000,16000,64,1,38,144,113,"(50.0, 110.0]","(768.0, 2000.0]","(8000.0, 16000.0]","(32.0, 256.0]","(-0.001, 1.0]","(24.0, 176.0]","(111.5, 1150.0]","(99.5, 1238.0]",-0.49500722429473915,-0.22609364155374514,0.47070025647526764,1.3641665702788355,-0.535251711866693,1.1789754640994803,0.4583638966437848,0.27369791828008044,32
hp,3000/40,105,256,2000,0,3,10,26,20,"(50.0, 110.0]","(63.999, 768.0]","(63.999, 4000.0]","(-0.001, 8.0]","(2.0, 6.0]","(8.0, 24.0]","(5.999, 27.0]","(14.999, 28.0]",-0.3871493773446065,-0.7634243768306634,-0.9101302761678229,-0.724137149844938,-0.24990228931524408,-0.30685662764233046,-0.6044943126127298,-0.650541804409961,32
hp,3000/44,105,1000,4000,0,3,24,32,28,"(50.0, 110.0]","(768.0, 2000.0]","(63.999, 4000.0]","(-0.001, 8.0]","(2.0, 6.0]","(8.0, 24.0]","(27.0, 49.5]","(14.999, 28.0]",-0.3871493773446065,-0.5341961273776662,-0.7128687715045243,-0.724137149844938,-0.24990228931524408,0.4360594182285749,-0.550450674853924,-0.5710373121355489,32
hp,3000/48,105,2000,4000,8,3,19,32,33,"(50.0, 110.0]","(768.0, 2000.0]","(63.999, 4000.0]","(-0.001, 8.0]","(2.0, 6.0]","(8.0, 24.0]","(27.0, 49.5]","(28.0, 45.0]",-0.3871493773446065,-0.22609364155374514,-0.7128687715045243,-0.4630991848294664,-0.24990228931524408,0.17073225898896585,-0.550450674853924,-0.5213470044640413,32
hp,3000/64,75,2000,8000,8,3,24,62,47,"(50.0, 110.0]","(768.0, 2000.0]","(4000.0, 8000.0]","(-0.001, 8.0]","(2.0, 6.0]","(8.0, 24.0]","(49.5, 111.5]","(45.0, 99.5]",-0.49500722429473915,-0.22609364155374514,-0.318345762177927,-0.4630991848294664,-0.24990228931524408,0.4360594182285749,-0.2802324860598948,-0.38221414298381995,32
harris,100,300,768,3000,0,6,24,36,23,"(225.0, 1500.0]","(63.999, 768.0]","(63.999, 4000.0]","(-0.001, 8.0]","(2.0, 6.0]","(8.0, 24.0]","(27.0, 49.5]","(14.999, 28.0]",0.3139266278312555,-0.6056759040888159,-0.8114995238361736,-0.724137149844938,0.1781218445119292,0.4360594182285749,-0.5144215830147201,-0.6207276198070565,32
harris,300,300,768,3000,6,6,24,44,25,"(225.0, 1500.0]","(63.999, 768.0]","(63.999, 4000.0]","(-0.001, 8.0]","(2.0, 6.0]","(8.0, 24.0]","(27.0, 49.5]","(14.999, 28.0]",0.3139266278312555,-0.6056759040888159,-0.8114995238361736,-0.5283586760833343,0.1781218445119292,0.4360594182285749,-0.4423633993363123,-0.6008514967384534,32
harris,500,300,768,12000,6,6,24,50,52,"(225.0, 1500.0]","(63.999, 768.0]","(8000.0, 16000.0]","(-0.001, 8.0]","(2.0, 6.0]","(8.0, 24.0]","(49.5, 111.5]","(45.0, 99.5]",0.3139266278312555,-0.6056759040888159,0.07617724714867033,-0.5283586760833343,0.1781218445119292,0.4360594182285749,-0.3883197615775065,-0.33252383531231233,32
harris,600,300,768,4500,0,1,24,45,27,"(225.0, 1500.0]","(63.999, 768.0]","(4000.0, 8000.0]","(-0.001, 8.0]","(-0.001, 1.0]","(8.0, 24.0]","(27.0, 49.5]","(14.999, 28.0]",0.3139266278312555,-0.6056759040888159,-0.6635533953386996,-0.724137149844938,-0.535251711866693,0.4360594182285749,-0.43335612637651133,-0.5809753736698504,32
honeywell,dps:6/35,330,1000,3000,0,2,4,16,23,"(225.0, 1500.0]","(768.0, 2000.0]","(63.999, 4000.0]","(-0.001, 8.0]","(1.0, 2.0]","(-0.001, 5.0]","(5.999, 27.0]","(14.999, 28.0]",0.42178447478138814,-0.5341961273776662,-0.8114995238361736,-0.724137149844938,-0.3925770005909685,-0.6252492187298614,-0.6945670422107395,-0.6207276198070565,32
honeywell,dps:6/92,300,1000,4000,8,3,64,38,30,"(225.0, 1500.0]","(768.0, 2000.0]","(63.999, 4000.0]","(-0.001, 8.0]","(2.0, 6.0]","(24.0, 176.0]","(27.0, 49.5]","(28.0, 45.0]",0.3139266278312555,-0.5341961273776662,-0.7128687715045243,-0.4630991848294664,-0.24990228931524408,2.5586766921454474,-0.49640703709511813,-0.5511611890669458,32
honeywell,dps:7/35,330,1000,2000,0,1,2,16,20,"(225.0, 1500.0]","(768.0, 2000.0]","(63.999, 4000.0]","(-0.001, 8.0]","(-0.001, 1.0]","(-0.001, 5.0]","(5.999, 27.0]","(14.999, 28.0]",0.42178447478138814,-0.5341961273776662,-0.9101302761678229,-0.724137149844938,-0.535251711866693,-0.731380082425705,-0.6945670422107395,-0.650541804409961,32
honeywell,dps:7/45,330,1000,4000,0,3,6,22,25,"(225.0, 1500.0]","(768.0, 2000.0]","(63.999, 4000.0]","(-0.001, 8.0]","(2.0, 6.0]","(5.0, 8.0]","(5.999, 27.0]","(14.999, 28.0]",0.42178447478138814,-0.5341961273776662,-0.7128687715045243,-0.724137149844938,-0.24990228931524408,-0.5191183550340177,-0.6405234044519337,-0.6008514967384534,32
honeywell,dps:7/55,140,2000,4000,0,3,6,29,28,"(110.0, 225.0]","(768.0, 2000.0]","(63.999, 4000.0]","(-0.001, 8.0]","(2.0, 6.0]","(5.0, 8.0]","(27.0, 49.5]","(14.999, 28.0]",-0.2613152225694518,-0.22609364155374514,-0.7128687715045243,-0.724137149844938,-0.24990228931524408,-0.5191183550340177,-0.5774724937333269,-0.5710373121355489,32
honeywell,dps:8/44,140,2000,4000,8,1,20,35,32,"(110.0, 225.0]","(768.0, 2000.0]","(63.999, 4000.0]","(-0.001, 8.0]","(-0.001, 1.0]","(8.0, 24.0]","(27.0, 49.5]","(28.0, 45.0]",-0.2613152225694518,-0.22609364155374514,-0.7128687715045243,-0.4630991848294664,-0.535251711866693,0.22379769083688766,-0.523428855974521,-0.5312850659983428,32
honeywell,dps:8/50,140,2000,8000,32,1,54,66,57,"(110.0, 225.0]","(768.0, 2000.0]","(4000.0, 8000.0]","(8.0, 32.0]","(-0.001, 1.0]","(24.0, 176.0]","(49.5, 111.5]","(45.0, 99.5]",-0.2613152225694518,-0.22609364155374514,-0.318345762177927,0.3200147102169486,-0.535251711866693,2.0280223736662295,-0.24420339422069096,-0.2828335276408047,32
honeywell,dps:8/52,140,2000,32000,32,1,54,141,181,"(110.0, 225.0]","(768.0, 2000.0]","(16000.0, 64000.0]","(8.0, 32.0]","(-0.001, 1.0]","(24.0, 176.0]","(111.5, 1150.0]","(99.5, 1238.0]",-0.2613152225694518,-0.22609364155374514,2.048792293781657,0.3200147102169486,-0.535251711866693,2.0280223736662295,0.4313420777643819,0.9494861026125839,32
honeywell,dps:8/20,140,2000,4000,8,1,20,22,32,"(110.0, 225.0]","(768.0, 2000.0]","(63.999, 4000.0]","(-0.001, 8.0]","(-0.001, 1.0]","(8.0, 24.0]","(5.999, 27.0]","(28.0, 45.0]",-0.2613152225694518,-0.22609364155374514,-0.7128687715045243,-0.4630991848294664,-0.535251711866693,0.22379769083688766,-0.6405234044519337,-0.5312850659983428,32
ibm,3033:u,57,4000,24000,64,12,16,237,171,"(50.0, 110.0]","(2000.0, 4000.0]","(16000.0, 64000.0]","(32.0, 256.0]","(6.0, 52.0]","(8.0, 24.0]","(111.5, 1150.0]","(99.5, 1238.0]",-0.5597219324648187,0.390111330094097,1.2597462751284623,1.3641665702788355,1.0341701121662756,0.011535963445200399,1.2960402819052752,0.8501054872695687,32
ibm,3081,26,16000,32000,64,16,24,465,361,"(16.999, 50.0]","(4000.0, 32000.0]","(16000.0, 64000.0]","(32.0, 256.0]","(6.0, 52.0]","(8.0, 24.0]","(111.5, 1150.0]","(99.5, 1238.0]",-0.6711750409799557,4.0873411599811496,2.048792293781657,1.3641665702788355,1.6048689572691734,0.4360594182285749,3.3496985167398967,2.738337178786858,32
ibm,3081:d,26,16000,32000,64,8,24,465,350,"(16.999, 50.0]","(4000.0, 32000.0]","(16000.0, 64000.0]","(32.0, 256.0]","(6.0, 52.0]","(8.0, 24.0]","(111.5, 1150.0]","(99.5, 1238.0]",-0.6711750409799557,4.0873411599811496,2.048792293781657,1.3641665702788355,0.46347126706337805,0.4360594182285749,3.3496985167398967,2.629018501909541,32
ibm,3083:b,26,8000,32000,0,8,24,277,220,"(16.999, 50.0]","(4000.0, 32000.0]","(16000.0, 64000.0]","(-0.001, 8.0]","(6.0, 52.0]","(8.0, 24.0]","(111.5, 1150.0]","(99.5, 1238.0]",-0.6711750409799557,1.6225212733897811,2.048792293781657,-0.724137149844938,0.46347126706337805,0.4360594182285749,1.656331200297314,1.3370705024503433,32
ibm,3083:e,26,8000,16000,0,8,16,185,113,"(16.999, 50.0]","(4000.0, 32000.0]","(8000.0, 16000.0]","(-0.001, 8.0]","(6.0, 52.0]","(8.0, 24.0]","(111.5, 1150.0]","(99.5, 1238.0]",-0.6711750409799557,1.6225212733897811,0.47070025647526764,-0.724137149844938,0.46347126706337805,0.011535963445200399,0.8276620879956247,0.27369791828008044,32
ibm,370/148,203,1000,2000,0,1,5,24,21,"(110.0, 225.0]","(768.0, 2000.0]","(63.999, 4000.0]","(-0.001, 8.0]","(-0.001, 1.0]","(-0.001, 5.0]","(5.999, 27.0]","(14.999, 28.0]",-0.03481374397417329,-0.5341961273776662,-0.9101302761678229,-0.724137149844938,-0.535251711866693,-0.5721837868819396,-0.6225088585323317,-0.6406037428756595,32
ibm,38/3,1100,512,1500,0,1,1,7,18,"(225.0, 1500.0]","(63.999, 768.0]","(63.999, 4000.0]","(-0.001, 8.0]","(-0.001, 1.0]","(-0.001, 5.0]","(5.999, 27.0]","(14.999, 28.0]",3.190135879834792,-0.6845501404597397,-0.9594456523336476,-0.724137149844938,-0.535251711866693,-0.7844455142736269,-0.7756324988489482,-0.6704179274785641,32
ibm,38/4,1100,768,2000,0,1,1,13,20,"(225.0, 1500.0]","(63.999, 768.0]","(63.999, 4000.0]","(-0.001, 8.0]","(-0.001, 1.0]","(-0.001, 5.0]","(5.999, 27.0]","(14.999, 28.0]",3.190135879834792,-0.6056759040888159,-0.9101302761678229,-0.724137149844938,-0.535251711866693,-0.7844455142736269,-0.7215888610901424,-0.650541804409961,32
ibm,38/5,600,768,2000,0,1,1,16,20,"(225.0, 1500.0]","(63.999, 768.0]","(63.999, 4000.0]","(-0.001, 8.0]","(-0.001, 1.0]","(-0.001, 5.0]","(5.999, 27.0]","(14.999, 28.0]",1.3925050973325817,-0.6056759040888159,-0.9101302761678229,-0.724137149844938,-0.535251711866693,-0.7844455142736269,-0.6945670422107395,-0.650541804409961,32
ibm,38/7,400,2000,4000,0,1,1,32,28,"(225.0, 1500.0]","(768.0, 2000.0]","(63.999, 4000.0]","(-0.001, 8.0]","(-0.001, 1.0]","(-0.001, 5.0]","(27.0, 49.5]","(14.999, 28.0]",0.6734527843316975,-0.22609364155374514,-0.7128687715045243,-0.724137149844938,-0.535251711866693,-0.7844455142736269,-0.550450674853924,-0.5710373121355489,32
ibm,38/8,400,4000,8000,0,1,1,32,45,"(225.0, 1500.0]","(2000.0, 4000.0]","(4000.0, 8000.0]","(-0.001, 8.0]","(-0.001, 1.0]","(-0.001, 5.0]","(27.0, 49.5]","(28.0, 45.0]",0.6734527843316975,0.390111330094097,-0.318345762177927,-0.724137149844938,-0.535251711866693,-0.7844455142736269,-0.550450674853924,-0.402090266052423,32
ibm,4321,900,1000,1000,0,1,2,11,18,"(225.0, 1500.0]","(768.0, 2000.0]","(63.999, 4000.0]","(-0.001, 8.0]","(-0.001, 1.0]","(-0.001, 5.0]","(5.999, 27.0]","(14.999, 28.0]",2.471083566833908,-0.5341961273776662,-1.0087610284994724,-0.724137149844938,-0.535251711866693,-0.731380082425705,-0.7396034070097444,-0.6704179274785641,32
ibm,4331-1,900,512,1000,0,1,2,11,17,"(225.0, 1500.0]","(63.999, 768.0]","(63.999, 4000.0]","(-0.001, 8.0]","(-0.001, 1.0]","(-0.001, 5.0]","(5.999, 27.0]","(14.999, 28.0]",2.471083566833908,-0.6845501404597397,-1.0087610284994724,-0.724137149844938,-0.535251711866693,-0.731380082425705,-0.7396034070097444,-0.6803559890128655,32
ibm,4331-11,900,1000,4000,4,1,2,18,26,"(225.0, 1500.0]","(768.0, 2000.0]","(63.999, 4000.0]","(-0.001, 8.0]","(-0.001, 1.0]","(-0.001, 5.0]","(5.999, 27.0]","(14.999, 28.0]",2.471083566833908,-0.5341961273776662,-0.7128687715045243,-0.5936181673372022,-0.535251711866693,-0.731380082425705,-0.6765524962911376,-0.5909134352041518,32
ibm,4331-2,900,1000,4000,8,1,2,22,28,"(225.0, 1500.0]","(768.0, 2000.0]","(63.999, 4000.0]","(-0.001, 8.0]","(-0.001, 1.0]","(-0.001, 5.0]","(5.999, 27.0]","(14.999, 28.0]",2.471083566833908,-0.5341961273776662,-0.7128687715045243,-0.4630991848294664,-0.535251711866693,-0.731380082425705,-0.6405234044519337,-0.5710373121355489,32
ibm,4341,900,2000,4000,0,3,6,37,28,"(225.0, 1500.0]","(768.0, 2000.0]","(63.999, 4000.0]","(-0.001, 8.0]","(2.0, 6.0]","(5.0, 8.0]","(27.0, 49.5]","(14.999, 28.0]",2.471083566833908,-0.22609364155374514,-0.7128687715045243,-0.724137149844938,-0.24990228931524408,-0.5191183550340177,-0.5054143100549191,-0.5710373121355489,32
ibm,4341-1,225,2000,4000,8,3,6,40,31,"(110.0, 225.0]","(768.0, 2000.0]","(63.999, 4000.0]","(-0.001, 8.0]","(2.0, 6.0]","(5.0, 8.0]","(27.0, 49.5]","(28.0, 45.0]",0.04428201045592396,-0.22609364155374514,-0.7128687715045243,-0.4630991848294664,-0.24990228931524408,-0.5191183550340177,-0.4783924911755162,-0.5412231275326443,32
ibm,4341-10,225,2000,4000,8,3,6,34,31,"(110.0, 225.0]","(768.0, 2000.0]","(63.999, 4000.0]","(-0.001, 8.0]","(2.0, 6.0]","(5.0, 8.0]","(27.0, 49.5]","(28.0, 45.0]",0.04428201045592396,-0.22609364155374514,-0.7128687715045243,-0.4630991848294664,-0.24990228931524408,-0.5191183550340177,-0.532436128934322,-0.5412231275326443,32
ibm,4341-11,180,2000,8000,8,1,6,50,42,"(110.0, 225.0]","(768.0, 2000.0]","(4000.0, 8000.0]","(-0.001, 8.0]","(-0.001, 1.0]","(5.0, 8.0]","(49.5, 111.5]","(28.0, 45.0]",-0.11750475996927497,-0.22609364155374514,-0.318345762177927,-0.4630991848294664,-0.535251711866693,-0.5191183550340177,-0.3883197615775065,-0.43190445065532757,32
ibm,4341-12,185,2000,16000,16,1,6,76,76,"(110.0, 225.0]","(768.0, 2000.0]","(8000.0, 16000.0]","(8.0, 32.0]","(-0.001, 1.0]","(5.0, 8.0]","(49.5, 111.5]","(45.0, 99.5]",-0.09952845214425286,-0.22609364155374514,0.47070025647526764,-0.20206121981399472,-0.535251711866693,-0.5191183550340177,-0.15413066462268124,-0.09401035848907584,32
ibm,4341-2,180,2000,16000,16,1,6,66,76,"(110.0, 225.0]","(768.0, 2000.0]","(8000.0, 16000.0]","(8.0, 32.0]","(-0.001, 1.0]","(5.0, 8.0]","(49.5, 111.5]","(45.0, 99.5]",-0.11750475996927497,-0.22609364155374514,0.47070025647526764,-0.20206121981399472,-0.535251711866693,-0.5191183550340177,-0.24420339422069096,-0.09401035848907584,32
ibm,4341-9,225,1000,4000,2,3,6,24,26,"(110.0, 225.0]","(768.0, 2000.0]","(63.999, 4000.0]","(-0.001, 8.0]","(2.0, 6.0]","(5.0, 8.0]","(5.999, 27.0]","(14.999, 28.0]",0.04428201045592396,-0.5341961273776662,-0.7128687715045243,-0.6588776585910702,-0.24990228931524408,-0.5191183550340177,-0.6225088585323317,-0.5909134352041518,32
ibm,4361-4,25,2000,12000,8,1,4,49,59,"(16.999, 50.0]","(768.0, 2000.0]","(8000.0, 16000.0]","(-0.001, 8.0]","(-0.001, 1.0]","(-0.001, 5.0]","(27.0, 49.5]","(45.0, 99.5]",-0.6747703025449602,-0.22609364155374514,0.07617724714867033,-0.4630991848294664,-0.535251711866693,-0.6252492187298614,-0.39732703453730744,-0.2629574045722017,32
ibm,4361-5,25,2000,12000,16,3,5,66,65,"(16.999, 50.0]","(768.0, 2000.0]","(8000.0, 16000.0]","(8.0, 32.0]","(2.0, 6.0]","(-0.001, 5.0]","(49.5, 111.5]","(45.0, 99.5]",-0.6747703025449602,-0.22609364155374514,0.07617724714867033,-0.20206121981399472,-0.24990228931524408,-0.5721837868819396,-0.24420339422069096,-0.20332903536639257,32
ibm,4381-1,17,4000,16000,8,6,12,100,101,"(16.999, 50.0]","(2000.0, 4000.0]","(8000.0, 16000.0]","(-0.001, 8.0]","(2.0, 6.0]","(8.0, 24.0]","(49.5, 111.5]","(99.5, 1238.0]",-0.7035323950649955,0.390111330094097,0.47070025647526764,-0.4630991848294664,0.1781218445119292,-0.20072576394648686,0.062043886412542076,0.15444117986846218,32
ibm,4381-2,17,4000,16000,32,6,12,133,116,"(16.999, 50.0]","(2000.0, 4000.0]","(8000.0, 16000.0]","(8.0, 32.0]","(2.0, 6.0]","(8.0, 24.0]","(111.5, 1150.0]","(99.5, 1238.0]",-0.7035323950649955,0.390111330094097,0.47070025647526764,0.3200147102169486,0.1781218445119292,-0.20072576394648686,0.3592838940859741,0.303512102882985,32
ibm,8130-a,1500,768,1000,0,0,0,12,18,"(225.0, 1500.0]","(63.999, 768.0]","(63.999, 4000.0]","(-0.001, 8.0]","(-0.001, 1.0]","(-0.001, 5.0]","(5.999, 27.0]","(14.999, 28.0]",4.62824050583656,-0.6056759040888159,-1.0087610284994724,-0.724137149844938,-0.6779264231424174,-0.8375109461215486,-0.7305961340499434,-0.6704179274785641,32
ibm,8130-b,1500,768,2000,0,0,0,18,20,"(225.0, 1500.0]","(63.999, 768.0]","(63.999, 4000.0]","(-0.001, 8.0]","(-0.001, 1.0]","(-0.001, 5.0]","(5.999, 27.0]","(14.999, 28.0]",4.62824050583656,-0.6056759040888159,-0.9101302761678229,-0.724137149844938,-0.6779264231424174,-0.8375109461215486,-0.6765524962911376,-0.650541804409961,32
ipl,4436,50,2000,4000,0,3,6,27,30,"(16.999, 50.0]","(768.0, 2000.0]","(63.999, 4000.0]","(-0.001, 8.0]","(2.0, 6.0]","(5.0, 8.0]","(5.999, 27.0]","(28.0, 45.0]",-0.5848887634198496,-0.22609364155374514,-0.7128687715045243,-0.724137149844938,-0.24990228931524408,-0.5191183550340177,-0.5954870396529288,-0.5511611890669458,32
ipl,4443,50,2000,8000,8,3,6,45,44,"(16.999, 50.0]","(768.0, 2000.0]","(4000.0, 8000.0]","(-0.001, 8.0]","(2.0, 6.0]","(5.0, 8.0]","(27.0, 49.5]","(28.0, 45.0]",-0.5848887634198496,-0.22609364155374514,-0.318345762177927,-0.4630991848294664,-0.24990228931524408,-0.5191183550340177,-0.43335612637651133,-0.41202832758672453,32
ipl,4445,50,2000,8000,8,1,6,56,44,"(16.999, 50.0]","(768.0, 2000.0]","(4000.0, 8000.0]","(-0.001, 8.0]","(-0.001, 1.0]","(5.0, 8.0]","(49.5, 111.5]","(28.0, 45.0]",-0.5848887634198496,-0.22609364155374514,-0.318345762177927,-0.4630991848294664,-0.535251711866693,-0.5191183550340177,-0.33427612381870064,-0.41202832758672453,32
ipl,4446,50,2000,16000,24,1,6,70,82,"(16.999, 50.0]","(768.0, 2000.0]","(8000.0, 16000.0]","(8.0, 32.0]","(-0.001, 1.0]","(5.0, 8.0]","(49.5, 111.5]","(45.0, 99.5]",-0.5848887634198496,-0.22609364155374514,0.47070025647526764,0.05897674520147695,-0.535251711866693,-0.5191183550340177,-0.20817430238148707,-0.03438198928326672,32
ipl,4460,50,2000,16000,24,1,6,80,82,"(16.999, 50.0]","(768.0, 2000.0]","(8000.0, 16000.0]","(8.0, 32.0]","(-0.001, 1.0]","(5.0, 8.0]","(49.5, 111.5]","(45.0, 99.5]",-0.5848887634198496,-0.22609364155374514,0.47070025647526764,0.05897674520147695,-0.535251711866693,-0.5191183550340177,-0.11810157278347735,-0.03438198928326672,32
ipl,4480,50,8000,16000,48,1,10,136,128,"(16.999, 50.0]","(4000.0, 32000.0]","(8000.0, 16000.0]","(32.0, 256.0]","(-0.001, 1.0]","(8.0, 24.0]","(111.5, 1150.0]","(99.5, 1238.0]",-0.5848887634198496,1.6225212733897811,0.47070025647526764,0.8420906402478919,-0.535251711866693,-0.30685662764233046,0.386305712965377,0.42276884129460324,32
magnuson,m80/30,100,1000,8000,0,2,6,16,37,"(50.0, 110.0]","(768.0, 2000.0]","(4000.0, 8000.0]","(-0.001, 8.0]","(1.0, 2.0]","(5.0, 8.0]","(5.999, 27.0]","(28.0, 45.0]",-0.4051256851696286,-0.5341961273776662,-0.318345762177927,-0.724137149844938,-0.3925770005909685,-0.5191183550340177,-0.6945670422107395,-0.4815947583268352,32
magnuson,m80/31,100,1000,8000,24,2,6,26,46,"(50.0, 110.0]","(768.0, 2000.0]","(4000.0, 8000.0]","(8.0, 32.0]","(1.0, 2.0]","(5.0, 8.0]","(5.999, 27.0]","(45.0, 99.5]",-0.4051256851696286,-0.5341961273776662,-0.318345762177927,0.05897674520147695,-0.3925770005909685,-0.5191183550340177,-0.6044943126127298,-0.3921522045181215,32
magnuson,m80/32,100,1000,8000,24,3,6,32,46,"(50.0, 110.0]","(768.0, 2000.0]","(4000.0, 8000.0]","(8.0, 32.0]","(2.0, 6.0]","(5.0, 8.0]","(27.0, 49.5]","(45.0, 99.5]",-0.4051256851696286,-0.5341961273776662,-0.318345762177927,0.05897674520147695,-0.24990228931524408,-0.5191183550340177,-0.550450674853924,-0.3921522045181215,32
magnuson,m80/42,50,2000,16000,12,3,16,45,80,"(16.999, 50.0]","(768.0, 2000.0]","(8000.0, 16000.0]","(8.0, 32.0]","(2.0, 6.0]","(8.0, 24.0]","(27.0, 49.5]","(45.0, 99.5]",-0.5848887634198496,-0.22609364155374514,0.47070025647526764,-0.3325802023217305,-0.24990228931524408,0.011535963445200399,-0.43335612637651133,-0.05425811235186976,32
magnuson,m80/43,50,2000,16000,24,6,16,54,88,"(16.999, 50.0]","(768.0, 2000.0]","(8000.0, 16000.0]","(8.0, 32.0]","(2.0, 6.0]","(8.0, 24.0]","(49.5, 111.5]","(45.0, 99.5]",-0.5848887634198496,-0.22609364155374514,0.47070025647526764,0.05897674520147695,0.1781218445119292,0.011535963445200399,-0.3522906697383026,0.02524637992254241,32
magnuson,m80/44,50,2000,16000,24,6,16,65,88,"(16.999, 50.0]","(768.0, 2000.0]","(8000.0, 16000.0]","(8.0, 32.0]","(2.0, 6.0]","(8.0, 24.0]","(49.5, 111.5]","(45.0, 99.5]",-0.5848887634198496,-0.22609364155374514,0.47070025647526764,0.05897674520147695,0.1781218445119292,0.011535963445200399,-0.2532106671804919,0.02524637992254241,32
microdata,seq.ms/3200,150,512,4000,0,8,128,30,33,"(110.0, 225.0]","(63.999, 768.0]","(63.999, 4000.0]","(-0.001, 8.0]","(6.0, 52.0]","(24.0, 176.0]","(27.0, 49.5]","(28.0, 45.0]",-0.22536260691940757,-0.6845501404597397,-0.7128687715045243,-0.724137149844938,0.46347126706337805,5.954864330412444,-0.5684652207735259,-0.5213470044640413,32
nas,as/3000,115,2000,8000,16,1,3,50,46,"(110.0, 225.0]","(768.0, 2000.0]","(4000.0, 8000.0]","(8.0, 32.0]","(-0.001, 1.0]","(-0.001, 5.0]","(49.5, 111.5]","(45.0, 99.5]",-0.3511967616945623,-0.22609364155374514,-0.318345762177927,-0.20206121981399472,-0.535251711866693,-0.6783146505777832,-0.3883197615775065,-0.3921522045181215,32
nas,as/3000-n,115,2000,4000,2,1,5,40,29,"(110.0, 225.0]","(768.0, 2000.0]","(63.999, 4000.0]","(-0.001, 8.0]","(-0.001, 1.0]","(-0.001, 5.0]","(27.0, 49.5]","(28.0, 45.0]",-0.3511967616945623,-0.22609364155374514,-0.7128687715045243,-0.6588776585910702,-0.535251711866693,-0.5721837868819396,-0.4783924911755162,-0.5610992506012473,32
nas,as/5000-e,92,2000,8000,32,1,6,60,53,"(50.0, 110.0]","(768.0, 2000.0]","(4000.0, 8000.0]","(8.0, 32.0]","(-0.001, 1.0]","(5.0, 8.0]","(49.5, 111.5]","(45.0, 99.5]",-0.43388777768966397,-0.22609364155374514,-0.318345762177927,0.3200147102169486,-0.535251711866693,-0.5191183550340177,-0.29824703197949676,-0.32258577377801084,32
nas,as/5000-n,92,2000,8000,4,1,6,50,41,"(50.0, 110.0]","(768.0, 2000.0]","(4000.0, 8000.0]","(-0.001, 8.0]","(-0.001, 1.0]","(5.0, 8.0]","(49.5, 111.5]","(28.0, 45.0]",-0.43388777768966397,-0.22609364155374514,-0.318345762177927,-0.5936181673372022,-0.535251711866693,-0.5191183550340177,-0.3883197615775065,-0.44184251218962906,32
nas,as/6130,75,4000,16000,16,1,6,66,86,"(50.0, 110.0]","(2000.0, 4000.0]","(8000.0, 16000.0]","(8.0, 32.0]","(-0.001, 1.0]","(5.0, 8.0]","(49.5, 111.5]","(45.0, 99.5]",-0.49500722429473915,0.390111330094097,0.47070025647526764,-0.20206121981399472,-0.535251711866693,-0.5191183550340177,-0.24420339422069096,0.005370256853939369,32
nas,as/6150,60,4000,16000,32,1,6,86,95,"(50.0, 110.0]","(2000.0, 4000.0]","(8000.0, 16000.0]","(8.0, 32.0]","(-0.001, 1.0]","(5.0, 8.0]","(49.5, 111.5]","(45.0, 99.5]",-0.5489361477698055,0.390111330094097,0.47070025647526764,0.3200147102169486,-0.535251711866693,-0.5191183550340177,-0.06405793502467153,0.09481281066265305,32
nas,as/6620,60,2000,16000,64,5,8,74,107,"(50.0, 110.0]","(768.0, 2000.0]","(8000.0, 16000.0]","(32.0, 256.0]","(2.0, 6.0]","(5.0, 8.0]","(49.5, 111.5]","(99.5, 1238.0]",-0.5489361477698055,-0.22609364155374514,0.47070025647526764,1.3641665702788355,0.03544713323620476,-0.4129874913381741,-0.17214521054228318,0.2140695490742713,32
nas,as/6630,60,4000,16000,64,5,8,93,117,"(50.0, 110.0]","(2000.0, 4000.0]","(8000.0, 16000.0]","(32.0, 256.0]","(2.0, 6.0]","(5.0, 8.0]","(49.5, 111.5]","(99.5, 1238.0]",-0.5489361477698055,0.390111330094097,0.47070025647526764,1.3641665702788355,0.03544713323620476,-0.4129874913381741,-0.0010070243060647207,0.3134501644172865,32
nas,as/7000,72,4000,16000,64,8,16,143,120,"(50.0, 110.0]","(2000.0, 4000.0]","(8000.0, 16000.0]","(32.0, 256.0]","(6.0, 52.0]","(8.0, 24.0]","(111.5, 1150.0]","(99.5, 1238.0]",-0.5057930089897524,0.390111330094097,0.47070025647526764,1.3641665702788355,0.46347126706337805,0.011535963445200399,0.4493566236839838,0.3432643490201911,32
nas,as/7000-n,72,2000,8000,16,6,8,105,48,"(50.0, 110.0]","(768.0, 2000.0]","(4000.0, 8000.0]","(8.0, 32.0]","(2.0, 6.0]","(5.0, 8.0]","(49.5, 111.5]","(45.0, 99.5]",-0.5057930089897524,-0.22609364155374514,-0.318345762177927,-0.20206121981399472,0.1781218445119292,-0.4129874913381741,0.10708025121154693,-0.37227608144951846,32
nas,as/8040,40,8000,16000,32,8,16,214,126,"(16.999, 50.0]","(4000.0, 32000.0]","(8000.0, 16000.0]","(8.0, 32.0]","(6.0, 52.0]","(8.0, 24.0]","(111.5, 1150.0]","(99.5, 1238.0]",-0.6208413790698939,1.6225212733897811,0.47070025647526764,0.3200147102169486,0.46347126706337805,0.011535963445200399,1.0888730038298529,0.4028927182260002,32
nas,as/8050,40,8000,32000,64,8,24,277,266,"(16.999, 50.0]","(4000.0, 32000.0]","(16000.0, 64000.0]","(32.0, 256.0]","(6.0, 52.0]","(8.0, 24.0]","(111.5, 1150.0]","(99.5, 1238.0]",-0.6208413790698939,1.6225212733897811,2.048792293781657,1.3641665702788355,0.46347126706337805,0.4360594182285749,1.656331200297314,1.7942213330282133,32
nas,as/8060,35,8000,32000,64,8,24,370,270,"(16.999, 50.0]","(4000.0, 32000.0]","(16000.0, 64000.0]","(32.0, 256.0]","(6.0, 52.0]","(8.0, 24.0]","(111.5, 1150.0]","(99.5, 1238.0]",-0.6388176868949159,1.6225212733897811,2.048792293781657,1.3641665702788355,0.46347126706337805,0.4360594182285749,2.4940075855588044,1.8339735791654195,32
nas,as/9000-n,48,4000,24000,32,8,24,214,151,"(16.999, 50.0]","(2000.0, 4000.0]","(16000.0, 64000.0]","(8.0, 32.0]","(6.0, 52.0]","(8.0, 24.0]","(111.5, 1150.0]","(99.5, 1238.0]",-0.5920792865498585,0.390111330094097,1.2597462751284623,0.3200147102169486,0.46347126706337805,0.4360594182285749,1.0888730038298529,0.6513442565835382,32
nas,as/9040,38,8000,32000,64,8,24,326,267,"(16.999, 50.0]","(4000.0, 32000.0]","(16000.0, 64000.0]","(32.0, 256.0]","(6.0, 52.0]","(8.0, 24.0]","(111.5, 1150.0]","(99.5, 1238.0]",-0.6280319021999027,1.6225212733897811,2.048792293781657,1.3641665702788355,0.46347126706337805,0.4360594182285749,2.0976875753275617,1.8041593945625147,32
ncr,v8545:ii,84,1000,2000,0,1,6,12,21,"(50.0, 110.0]","(768.0, 2000.0]","(63.999, 4000.0]","(-0.001, 8.0]","(-0.001, 1.0]","(5.0, 8.0]","(5.999, 27.0]","(14.999, 28.0]",-0.46264987020969933,-0.5341961273776662,-0.9101302761678229,-0.724137149844938,-0.535251711866693,-0.5191183550340177,-0.7305961340499434,-0.6406037428756595,32
ncr,v8555:ii,56,1000,4000,0,1,6,17,26,"(50.0, 110.0]","(768.0, 2000.0]","(63.999, 4000.0]","(-0.001, 8.0]","(-0.001, 1.0]","(5.0, 8.0]","(5.999, 27.0]","(14.999, 28.0]",-0.5633171940298232,-0.5341961273776662,-0.7128687715045243,-0.724137149844938,-0.535251711866693,-0.5191183550340177,-0.6855597692509385,-0.5909134352041518,32
ncr,v8585:ii,56,4000,12000,0,1,8,42,62,"(50.0, 110.0]","(2000.0, 4000.0]","(8000.0, 16000.0]","(-0.001, 8.0]","(-0.001, 1.0]","(5.0, 8.0]","(27.0, 49.5]","(45.0, 99.5]",-0.5633171940298232,0.390111330094097,0.07617724714867033,-0.724137149844938,-0.535251711866693,-0.4129874913381741,-0.46037794525591424,-0.23314321996929713,32
ncr,v8635,38,4000,8000,32,16,32,51,80,"(16.999, 50.0]","(2000.0, 4000.0]","(4000.0, 8000.0]","(8.0, 32.0]","(6.0, 52.0]","(24.0, 176.0]","(49.5, 111.5]","(45.0, 99.5]",-0.6280319021999027,0.390111330094097,-0.318345762177927,0.3200147102169486,1.6048689572691734,0.8605828730119495,-0.3793124886177055,-0.05425811235186976,32
ncr,v8655,38,8000,16000,64,4,8,100,142,"(16.999, 50.0]","(4000.0, 32000.0]","(8000.0, 16000.0]","(32.0, 256.0]","(2.0, 6.0]","(5.0, 8.0]","(49.5, 111.5]","(99.5, 1238.0]",-0.6280319021999027,1.6225212733897811,0.47070025647526764,1.3641665702788355,-0.10722757803951966,-0.4129874913381741,0.062043886412542076,0.5619017027748245,32
ncr,v8670,38,4000,16000,128,16,32,212,190,"(16.999, 50.0]","(2000.0, 4000.0]","(8000.0, 16000.0]","(32.0, 256.0]","(6.0, 52.0]","(24.0, 176.0]","(111.5, 1150.0]","(99.5, 1238.0]",-0.6280319021999027,0.390111330094097,0.47070025647526764,3.4524702904026086,1.6048689572691734,0.8605828730119495,1.070858457910251,1.0389286564212976,32
nixdorf,8890/30,200,1000,2000,0,1,2,25,21,"(110.0, 225.0]","(768.0, 2000.0]","(63.999, 4000.0]","(-0.001, 8.0]","(-0.001, 1.0]","(-0.001, 5.0]","(5.999, 27.0]","(14.999, 28.0]",-0.045599528669186554,-0.5341961273776662,-0.9101302761678229,-0.724137149844938,-0.535251711866693,-0.731380082425705,-0.6135015855725308,-0.6406037428756595,32
nixdorf,8890/50,200,1000,4000,0,1,4,30,25,"(110.0, 225.0]","(768.0, 2000.0]","(63.999, 4000.0]","(-0.001, 8.0]","(-0.001, 1.0]","(-0.001, 5.0]","(27.0, 49.5]","(14.999, 28.0]",-0.045599528669186554,-0.5341961273776662,-0.7128687715045243,-0.724137149844938,-0.535251711866693,-0.6252492187298614,-0.5684652207735259,-0.6008514967384534,32
nixdorf,8890/70,200,2000,8000,64,1,5,41,67,"(110.0, 225.0]","(768.0, 2000.0]","(4000.0, 8000.0]","(32.0, 256.0]","(-0.001, 1.0]","(-0.001, 5.0]","(27.0, 49.5]","(45.0, 99.5]",-0.045599528669186554,-0.22609364155374514,-0.318345762177927,1.3641665702788355,-0.535251711866693,-0.5721837868819396,-0.4693852182157152,-0.18345291229778954,32
perkin-elmer,3205,250,512,4000,0,1,7,25,24,"(225.0, 1500.0]","(63.999, 768.0]","(63.999, 4000.0]","(-0.001, 8.0]","(-0.001, 1.0]","(5.0, 8.0]","(5.999, 27.0]","(14.999, 28.0]",0.13416354958103446,-0.6845501404597397,-0.7128687715045243,-0.724137149844938,-0.535251711866693,-0.4660529231860959,-0.6135015855725308,-0.6107895582727549,32
perkin-elmer,3210,250,512,4000,0,4,7,50,24,"(225.0, 1500.0]","(63.999, 768.0]","(63.999, 4000.0]","(-0.001, 8.0]","(2.0, 6.0]","(5.0, 8.0]","(49.5, 111.5]","(14.999, 28.0]",0.13416354958103446,-0.6845501404597397,-0.7128687715045243,-0.724137149844938,-0.10722757803951966,-0.4660529231860959,-0.3883197615775065,-0.6107895582727549,32
perkin-elmer,3230,250,1000,16000,1,1,8,50,64,"(225.0, 1500.0]","(768.0, 2000.0]","(8000.0, 16000.0]","(-0.001, 8.0]","(-0.001, 1.0]","(5.0, 8.0]","(49.5, 111.5]","(45.0, 99.5]",0.13416354958103446,-0.5341961273776662,0.47070025647526764,-0.691507404218004,-0.535251711866693,-0.4129874913381741,-0.3883197615775065,-0.2132670969006941,32
prime,50-2250,160,512,4000,2,1,5,30,25,"(110.0, 225.0]","(63.999, 768.0]","(63.999, 4000.0]","(-0.001, 8.0]","(-0.001, 1.0]","(-0.001, 5.0]","(27.0, 49.5]","(14.999, 28.0]",-0.18940999126936336,-0.6845501404597397,-0.7128687715045243,-0.6588776585910702,-0.535251711866693,-0.5721837868819396,-0.5684652207735259,-0.6008514967384534,32
prime,50-250-ii,160,512,2000,2,3,8,32,20,"(110.0, 225.0]","(63.999, 768.0]","(63.999, 4000.0]","(-0.001, 8.0]","(2.0, 6.0]","(5.0, 8.0]","(27.0, 49.5]","(14.999, 28.0]",-0.18940999126936336,-0.6845501404597397,-0.9101302761678229,-0.6588776585910702,-0.24990228931524408,-0.4129874913381741,-0.550450674853924,-0.650541804409961,32
prime,50-550-ii,160,1000,4000,8,1,14,38,29,"(110.0, 225.0]","(768.0, 2000.0]","(63.999, 4000.0]","(-0.001, 8.0]","(-0.001, 1.0]","(8.0, 24.0]","(27.0, 49.5]","(28.0, 45.0]",-0.18940999126936336,-0.5341961273776662,-0.7128687715045243,-0.4630991848294664,-0.535251711866693,-0.09459490025064322,-0.49640703709511813,-0.5610992506012473,32
prime,50-750-ii,160,1000,8000,16,1,14,60,43,"(110.0, 225.0]","(768.0, 2000.0]","(4000.0, 8000.0]","(8.0, 32.0]","(-0.001, 1.0]","(8.0, 24.0]","(49.5, 111.5]","(28.0, 45.0]",-0.18940999126936336,-0.5341961273776662,-0.318345762177927,-0.20206121981399472,-0.535251711866693,-0.09459490025064322,-0.29824703197949676,-0.421966389121026,32
siemens,7.521,240,512,1000,8,1,3,6,19,"(225.0, 1500.0]","(63.999, 768.0]","(63.999, 4000.0]","(-0.001, 8.0]","(-0.001, 1.0]","(-0.001, 5.0]","(5.999, 27.0]","(14.999, 28.0]",0.09821093393099027,-0.6845501404597397,-1.0087610284994724,-0.4630991848294664,-0.535251711866693,-0.6783146505777832,-0.7846397718087492,-0.6604798659442626,32
siemens,7.531,240,512,2000,8,1,5,11,22,"(225.0, 1500.0]","(63.999, 768.0]","(63.999, 4000.0]","(-0.001, 8.0]","(-0.001, 1.0]","(-0.001, 5.0]","(5.999, 27.0]","(14.999, 28.0]",0.09821093393099027,-0.6845501404597397,-0.9101302761678229,-0.4630991848294664,-0.535251711866693,-0.5721837868819396,-0.7396034070097444,-0.630665681341358,32
siemens,7.536,105,2000,4000,8,3,8,22,31,"(50.0, 110.0]","(768.0, 2000.0]","(63.999, 4000.0]","(-0.001, 8.0]","(2.0, 6.0]","(5.0, 8.0]","(5.999, 27.0]","(28.0, 45.0]",-0.3871493773446065,-0.22609364155374514,-0.7128687715045243,-0.4630991848294664,-0.24990228931524408,-0.4129874913381741,-0.6405234044519337,-0.5412231275326443,32
siemens,7.541,105,2000,6000,16,6,16,33,41,"(50.0, 110.0]","(768.0, 2000.0]","(4000.0, 8000.0]","(8.0, 32.0]","(2.0, 6.0]","(8.0, 24.0]","(27.0, 49.5]","(28.0, 45.0]",-0.3871493773446065,-0.22609364155374514,-0.5156072668412256,-0.20206121981399472,0.1781218445119292,0.011535963445200399,-0.541443401894123,-0.44184251218962906,32
siemens,7.551,105,2000,8000,16,4,14,58,47,"(50.0, 110.0]","(768.0, 2000.0]","(4000.0, 8000.0]","(8.0, 32.0]","(2.0, 6.0]","(8.0, 24.0]","(49.5, 111.5]","(45.0, 99.5]",-0.3871493773446065,-0.22609364155374514,-0.318345762177927,-0.20206121981399472,-0.10722757803951966,-0.09459490025064322,-0.3162615778990987,-0.38221414298381995,32
siemens,7.561,52,4000,16000,32,4,12,130,99,"(50.0, 110.0]","(2000.0, 4000.0]","(8000.0, 16000.0]","(8.0, 32.0]","(2.0, 6.0]","(8.0, 24.0]","(111.5, 1150.0]","(45.0, 99.5]",-0.5776982402898408,0.390111330094097,0.47070025647526764,0.3200147102169486,-0.10722757803951966,-0.20072576394648686,0.3322620752065712,0.13456505679985914,32
siemens,7.870-2,59,4000,12000,32,6,12,113,81,"(50.0, 110.0]","(2000.0, 4000.0]","(8000.0, 16000.0]","(8.0, 32.0]","(2.0, 6.0]","(8.0, 24.0]","(111.5, 1150.0]","(45.0, 99.5]",-0.5525314093348098,0.390111330094097,0.07617724714867033,0.3200147102169486,0.1781218445119292,-0.20072576394648686,0.1791384348899547,-0.044320050817568235,32
siemens,7.872-2,59,8000,16000,64,12,24,188,149,"(50.0, 110.0]","(4000.0, 32000.0]","(8000.0, 16000.0]","(32.0, 256.0]","(6.0, 52.0]","(8.0, 24.0]","(111.5, 1150.0]","(99.5, 1238.0]",-0.5525314093348098,1.6225212733897811,0.47070025647526764,1.3641665702788355,1.0341701121662756,0.4360594182285749,0.8546839068750276,0.6314681335149352,32
siemens,7.875-2,26,8000,24000,32,8,16,173,183,"(16.999, 50.0]","(4000.0, 32000.0]","(16000.0, 64000.0]","(8.0, 32.0]","(6.0, 52.0]","(8.0, 24.0]","(111.5, 1150.0]","(99.5, 1238.0]",-0.6711750409799557,1.6225212733897811,1.2597462751284623,0.3200147102169486,0.46347126706337805,0.011535963445200399,0.719574812478013,0.9693622256811869,32
siemens,7.881-2,26,8000,32000,128,24,32,405,382,"(16.999, 50.0]","(4000.0, 32000.0]","(16000.0, 64000.0]","(32.0, 256.0]","(6.0, 52.0]","(24.0, 176.0]","(111.5, 1150.0]","(99.5, 1238.0]",-0.6711750409799557,1.6225212733897811,2.048792293781657,3.4524702904026086,2.7462666474749686,0.8605828730119495,2.8092621391518384,2.94703647100719,32
sperry,1100/61-h1,116,2000,8000,32,5,28,70,56,"(110.0, 225.0]","(768.0, 2000.0]","(4000.0, 8000.0]","(8.0, 32.0]","(2.0, 6.0]","(24.0, 176.0]","(49.5, 111.5]","(45.0, 99.5]",-0.34760150012955787,-0.22609364155374514,-0.318345762177927,0.3200147102169486,0.03544713323620476,0.6483211456202621,-0.20817430238148707,-0.29277158917510626,32
sperry,1100/81,50,2000,32000,24,6,26,114,182,"(16.999, 50.0]","(768.0, 2000.0]","(16000.0, 64000.0]","(8.0, 32.0]","(2.0, 6.0]","(24.0, 176.0]","(111.5, 1150.0]","(99.5, 1238.0]",-0.5848887634198496,-0.22609364155374514,2.048792293781657,0.05897674520147695,0.1781218445119292,0.5421902819244185,0.18814570784975568,0.9594241641468854,32
sperry,1100/82,50,2000,32000,48,26,52,208,227,"(16.999, 50.0]","(768.0, 2000.0]","(16000.0, 64000.0]","(32.0, 256.0]","(6.0, 52.0]","(24.0, 176.0]","(111.5, 1150.0]","(99.5, 1238.0]",-0.5848887634198496,-0.22609364155374514,2.048792293781657,0.8420906402478919,3.0316160700264176,1.9218915099703857,1.034829366071047,1.406636933190454,32
sperry,1100/83,50,2000,32000,112,52,104,307,341,"(16.999, 50.0]","(768.0, 2000.0]","(16000.0, 64000.0]","(32.0, 256.0]","(6.0, 52.0]","(24.0, 176.0]","(111.5, 1150.0]","(99.5, 1238.0]",-0.5848887634198496,-0.22609364155374514,2.048792293781657,2.930394360371665,6.741158563195252,4.68129396606232,1.9265493890913432,2.5395759481008273,32
sperry,1100/84,50,4000,32000,112,52,104,397,360,"(16.999, 50.0]","(2000.0, 4000.0]","(16000.0, 64000.0]","(32.0, 256.0]","(6.0, 52.0]","(24.0, 176.0]","(111.5, 1150.0]","(99.5, 1238.0]",-0.5848887634198496,0.390111330094097,2.048792293781657,2.930394360371665,6.741158563195252,4.68129396606232,2.7372039554734306,2.728399117252556,32
sperry,80/3,180,262,4000,0,1,3,12,24,"(110.0, 225.0]","(63.999, 768.0]","(63.999, 4000.0]","(-0.001, 8.0]","(-0.001, 1.0]","(-0.001, 5.0]","(5.999, 27.0]","(14.999, 28.0]",-0.11750475996927497,-0.76157576191572,-0.7128687715045243,-0.724137149844938,-0.535251711866693,-0.6783146505777832,-0.7305961340499434,-0.6107895582727549,32
sperry,80/6,180,512,4000,0,1,3,21,24,"(110.0, 225.0]","(63.999, 768.0]","(63.999, 4000.0]","(-0.001, 8.0]","(-0.001, 1.0]","(-0.001, 5.0]","(5.999, 27.0]","(14.999, 28.0]",-0.11750475996927497,-0.6845501404597397,-0.7128687715045243,-0.724137149844938,-0.535251711866693,-0.6783146505777832,-0.6495306774117346,-0.6107895582727549,32
sperry,80/8,124,1000,8000,0,1,8,42,37,"(110.0, 225.0]","(768.0, 2000.0]","(4000.0, 8000.0]","(-0.001, 8.0]","(-0.001, 1.0]","(5.0, 8.0]","(27.0, 49.5]","(28.0, 45.0]",-0.3188394076095225,-0.5341961273776662,-0.318345762177927,-0.724137149844938,-0.535251711866693,-0.4129874913381741,-0.46037794525591424,-0.4815947583268352,32
sratus,32,125,2000,8000,0,2,14,52,41,"(110.0, 225.0]","(768.0, 2000.0]","(4000.0, 8000.0]","(-0.001, 8.0]","(1.0, 2.0]","(8.0, 24.0]","(49.5, 111.5]","(28.0, 45.0]",-0.3152441460445181,-0.22609364155374514,-0.318345762177927,-0.724137149844938,-0.3925770005909685,-0.09459490025064322,-0.37030521565790453,-0.44184251218962906,32
wang,vs-100,480,512,8000,32,0,0,67,47,"(225.0, 1500.0]","(63.999, 768.0]","(4000.0, 8000.0]","(8.0, 32.0]","(-0.001, 1.0]","(-0.001, 5.0]","(49.5, 111.5]","(45.0, 99.5]",0.9610737095320511,-0.6845501404597397,-0.318345762177927,0.3200147102169486,-0.6779264231424174,-0.8375109461215486,-0.23519612126088998,-0.38221414298381995,32
wang,vs-90,480,1000,4000,0,0,0,45,25,"(225.0, 1500.0]","(768.0, 2000.0]","(63.999, 4000.0]","(-0.001, 8.0]","(-0.001, 1.0]","(-0.001, 5.0]","(27.0, 49.5]","(14.999, 28.0]",0.9610737095320511,-0.5341961273776662,-0.7128687715045243,-0.724137149844938,-0.6779264231424174,-0.8375109461215486,-0.43335612637651133,-0.6008514967384534,32
